[{"fields": {"model": "logentry", "name": "log entry", "app_label": "admin"}, "model": "contenttypes.contenttype", "pk": 1}, {"fields": {"model": "permission", "name": "permission", "app_label": "auth"}, "model": "contenttypes.contenttype", "pk": 2}, {"fields": {"model": "group", "name": "group", "app_label": "auth"}, "model": "contenttypes.contenttype", "pk": 3}, {"fields": {"model": "user", "name": "user", "app_label": "auth"}, "model": "contenttypes.contenttype", "pk": 4}, {"fields": {"model": "contenttype", "name": "content type", "app_label": "contenttypes"}, "model": "contenttypes.contenttype", "pk": 5}, {"fields": {"model": "session", "name": "session", "app_label": "sessions"}, "model": "contenttypes.contenttype", "pk": 6}, {"fields": {"model": "tag", "name": "tag", "app_label": "blog"}, "model": "contenttypes.contenttype", "pk": 7}, {"fields": {"model": "post", "name": "Blog Entry", "app_label": "blog"}, "model": "contenttypes.contenttype", "pk": 8}, {"fields": {"model": "blogconfiguration", "name": "blog configuration", "app_label": "blog"}, "model": "contenttypes.contenttype", "pk": 9}, {"fields": {"model": "experiencemilestone", "name": "experience milestone", "app_label": "cv"}, "model": "contenttypes.contenttype", "pk": 10}, {"fields": {"model": "educationmilestone", "name": "education milestone", "app_label": "cv"}, "model": "contenttypes.contenttype", "pk": 11}, {"fields": {"model": "fonticon", "name": "font icon", "app_label": "cv"}, "model": "contenttypes.contenttype", "pk": 12}, {"fields": {"model": "contact", "name": "contact", "app_label": "cv"}, "model": "contenttypes.contenttype", "pk": 13}, {"fields": {"model": "skill", "name": "skill", "app_label": "cv"}, "model": "contenttypes.contenttype", "pk": 14}, {"fields": {"model": "language", "name": "language", "app_label": "cv"}, "model": "contenttypes.contenttype", "pk": 15}, {"fields": {"model": "hobbies", "name": "hobbies", "app_label": "cv"}, "model": "contenttypes.contenttype", "pk": 16}, {"fields": {"model": "conferences", "name": "conferences", "app_label": "cv"}, "model": "contenttypes.contenttype", "pk": 17}, {"fields": {"model": "cv", "name": "cv", "app_label": "cv"}, "model": "contenttypes.contenttype", "pk": 18}, {"fields": {"model": "webimages", "name": "web images", "app_label": "ikerocio"}, "model": "contenttypes.contenttype", "pk": 19}, {"fields": {"model": "icon", "name": "icon", "app_label": "ikerocio"}, "model": "contenttypes.contenttype", "pk": 20}, {"fields": {"model": "configuration", "name": "configuration", "app_label": "ikerocio"}, "model": "contenttypes.contenttype", "pk": 21}, {"fields": {"model": "welcomepage", "name": "1 Welcome Page", "app_label": "ikerocio"}, "model": "contenttypes.contenttype", "pk": 22}, {"fields": {"model": "firstsection", "name": "2 About Me", "app_label": "ikerocio"}, "model": "contenttypes.contenttype", "pk": 23}, {"fields": {"model": "secondsection", "name": "3 CV", "app_label": "ikerocio"}, "model": "contenttypes.contenttype", "pk": 24}, {"fields": {"model": "thirdsection", "name": "4 Blog", "app_label": "ikerocio"}, "model": "contenttypes.contenttype", "pk": 25}, {"fields": {"model": "fourthsection", "name": "5 Pictures", "app_label": "ikerocio"}, "model": "contenttypes.contenttype", "pk": 26}, {"fields": {"model": "fifthsection", "name": "6 Contact me", "app_label": "ikerocio"}, "model": "contenttypes.contenttype", "pk": 27}, {"fields": {"model": "contactmessage", "name": "contact message", "app_label": "ikerocio"}, "model": "contenttypes.contenttype", "pk": 28}, {"fields": {"model": "twitterapi", "name": "twitter api", "app_label": "webapi"}, "model": "contenttypes.contenttype", "pk": 29}, {"fields": {"expire_date": "2014-11-02T15:23:25.435Z", "session_data": "MmI2NzJkNTUxZWFmNTg2OGJjMDgyYjkyYjI1NDQ4MGJiMGFhZjQyNDp7Il9hdXRoX3VzZXJfaGFzaCI6ImUxY2Y3ODYyZWUwNWU0ZmFkOGVhODA3MDZmZTk4OTM0NGFkOWZkMTciLCJfYXV0aF91c2VyX2JhY2tlbmQiOiJkamFuZ28uY29udHJpYi5hdXRoLmJhY2tlbmRzLk1vZGVsQmFja2VuZCIsIl9hdXRoX3VzZXJfaWQiOjF9"}, "model": "sessions.session", "pk": "9f7bqc9u10mla178q2c9569ewwwnct2a"}, {"fields": {"expire_date": "2014-11-02T15:23:08.765Z", "session_data": "M2RlYzQ1NDJhZTY5NzUwZmUzNzlkMDBmNjExMjcxNzJjMzFiMmQwMjp7fQ=="}, "model": "sessions.session", "pk": "fzjqyro62rxucsdnsqqjomyo1y5aaye9"}, {"fields": {"expire_date": "2014-11-02T15:23:07.115Z", "session_data": "M2RlYzQ1NDJhZTY5NzUwZmUzNzlkMDBmNjExMjcxNzJjMzFiMmQwMjp7fQ=="}, "model": "sessions.session", "pk": "ilx1tvs1i2v3vbkg51e8ss9i72pks4vg"}, {"fields": {"slug": "default"}, "model": "blog.tag", "pk": 1}, {"fields": {"quote": "", "created": "2014-10-18T12:35:45.392Z", "publish": true, "title": "Blog"}, "model": "blog.blogconfiguration", "pk": 1}, {"fields": {"year": 2012, "description": "Nos encargabamos de cargar/descargar los contenedores que traian los aviones o furgonetas desde distintos puntos del pa\u00eds.", "work_name": "Trabajador Rampa", "title": "DHL - Aeropuerto"}, "model": "cv.experiencemilestone", "pk": 1}, {"fields": {"year": 2011, "description": "Dependiente de un videoclub en Vitor\u00eda - Gasteiz.\r\n", "work_name": "Dependiente", "title": "Video Club"}, "model": "cv.experiencemilestone", "pk": 2}, {"fields": {"year": 2010, "description": "Vendedor en el departamento de inform\u00e1tica de Media Markt Vitoria.", "work_name": "Departamento de Inform\u00e1tica", "title": "Media Markt"}, "model": "cv.experiencemilestone", "pk": 3}, {"fields": {"year": 2010, "description": "Contin\u00fao estudiando en la Universidad del Pa\u00eds Vasco.", "title": "Grado en Ingenier\u00eda Inform\u00e1tica"}, "model": "cv.educationmilestone", "pk": 1}, {"fields": {"year": 2008, "description": "Curs\u00e9 Bachillerato Cient\u00edfico en el Instituto Urkide y me decid\u00ed por donde quer\u00eda guiar mi futuro.", "title": "Bachillerato"}, "model": "cv.educationmilestone", "pk": 2}, {"fields": {"year": 2004, "description": "Estudi\u00e9 en un colegio p\u00fablico durante 4 a\u00f1os. Fue una \u00e9poca importante de mi adolescencia y un momento decisivo para lo que vendr\u00eda a continuaci\u00f3n.\r\n", "title": "Educaci\u00f3n Secundaria"}, "model": "cv.educationmilestone", "pk": 3}, {"fields": {"year": 1992, "description": "Aqu\u00ed empieza mi vida!\r\n", "title": "Nac\u00ed en Vitoria - Gasteiz"}, "model": "cv.educationmilestone", "pk": 4}, {"fields": {"f_icon": "\\f03e", "name": "Picture"}, "model": "cv.fonticon", "pk": 1}, {"fields": {"f_icon": "\\f0c0", "name": "People"}, "model": "cv.fonticon", "pk": 2}, {"fields": {"f_icon": "\\f120", "name": "Command line"}, "model": "cv.fonticon", "pk": 3}, {"fields": {"f_icon": "\\f025", "name": "Music Headphones"}, "model": "cv.fonticon", "pk": 4}, {"fields": {"f_icon": "\\f008", "name": "Movie record"}, "model": "cv.fonticon", "pk": 5}, {"fields": {"f_icon": "\\f135", "name": "Rocket"}, "model": "cv.fonticon", "pk": 6}, {"fields": {"f_icon": "\\f164", "name": "Okey sign"}, "model": "cv.fonticon", "pk": 7}, {"fields": {"f_icon": "\\f17c", "name": "Tux Linux"}, "model": "cv.fonticon", "pk": 8}, {"fields": {"f_icon": "\\f11b", "name": "Videogame pad"}, "model": "cv.fonticon", "pk": 9}, {"fields": {"f_icon": "\\f018", "name": "Road"}, "model": "cv.fonticon", "pk": 10}, {"fields": {"f_icon": "\\f108", "name": "Apple Comp"}, "model": "cv.fonticon", "pk": 11}, {"fields": {"f_icon": "\\f13b", "name": "HTML5"}, "model": "cv.fonticon", "pk": 12}, {"fields": {"contact": "Twitter", "description": "https://twitter.com/iocio", "icon": 2}, "model": "cv.contact", "pk": 1}, {"fields": {"contact": "Facebook", "description": "https://facebook.com/iker.ociozuazo", "icon": 3}, "model": "cv.contact", "pk": 2}, {"fields": {"contact": "Github", "description": "https://github.com/iocio005", "icon": 4}, "model": "cv.contact", "pk": 3}, {"fields": {"contact": "ikerocio@yahoo.es", "description": "", "icon": 5}, "model": "cv.contact", "pk": 4}, {"fields": {"contact": "628995219", "description": "", "icon": 6}, "model": "cv.contact", "pk": 5}, {"fields": {"percent": 0.8, "name": "Python"}, "model": "cv.skill", "pk": 1}, {"fields": {"percent": 0.8, "name": "Django (Python Framework)"}, "model": "cv.skill", "pk": 2}, {"fields": {"percent": 0.9, "name": "Web Scrapping"}, "model": "cv.skill", "pk": 3}, {"fields": {"percent": 0.8, "name": "Unix"}, "model": "cv.skill", "pk": 4}, {"fields": {"percent": 0.8, "name": "SysAdmin"}, "model": "cv.skill", "pk": 5}, {"fields": {"percent": 0.8, "name": "MySQL"}, "model": "cv.skill", "pk": 6}, {"fields": {"percent": 0.6, "name": "Android"}, "model": "cv.skill", "pk": 7}, {"fields": {"percent": 1.0, "name": "HTML/5"}, "model": "cv.skill", "pk": 8}, {"fields": {"percent": 0.7, "name": "CSS/3"}, "model": "cv.skill", "pk": 9}, {"fields": {"percent": 0.7, "name": "jQuery"}, "model": "cv.skill", "pk": 10}, {"fields": {"percent": 0.7, "name": "PHP"}, "model": "cv.skill", "pk": 11}, {"fields": {"percent": 0.7, "name": "Javascript"}, "model": "cv.skill", "pk": 12}, {"fields": {"percent": 0.8, "name": "Java"}, "model": "cv.skill", "pk": 13}, {"fields": {"percent": 0.8, "language": "Ingl\u00e9s"}, "model": "cv.language", "pk": 1}, {"fields": {"percent": 1.0, "language": "Espa\u00f1ol"}, "model": "cv.language", "pk": 2}, {"fields": {"percent": 0.8, "language": "Euskera"}, "model": "cv.language", "pk": 3}, {"fields": {"font_icon": [1], "hobbie": "Fotograf\u00eda"}, "model": "cv.hobbies", "pk": 1}, {"fields": {"font_icon": [2], "hobbie": "Taekwondo"}, "model": "cv.hobbies", "pk": 2}, {"fields": {"font_icon": [3], "hobbie": "Programar"}, "model": "cv.hobbies", "pk": 3}, {"fields": {"font_icon": [4], "hobbie": "M\u00fasica"}, "model": "cv.hobbies", "pk": 4}, {"fields": {"font_icon": [5, 6], "hobbie": "Fisica"}, "model": "cv.hobbies", "pk": 5}, {"fields": {"font_icon": [7], "hobbie": "Snowboard"}, "model": "cv.hobbies", "pk": 6}, {"fields": {"font_icon": [8], "hobbie": "Linux"}, "model": "cv.hobbies", "pk": 7}, {"fields": {"font_icon": [9], "hobbie": "Videojuegos"}, "model": "cv.hobbies", "pk": 8}, {"fields": {"font_icon": [10], "hobbie": "Viajar"}, "model": "cv.hobbies", "pk": 9}, {"fields": {"font_icon": [11], "hobbie": "Django"}, "model": "cv.hobbies", "pk": 10}, {"fields": {"font_icon": [12], "hobbie": "Internet"}, "model": "cv.hobbies", "pk": 11}, {"fields": {"place": "Madrid", "name": "PyCON ES", "year": 2013}, "model": "cv.conferences", "pk": 1}, {"fields": {"place": "Madrid", "name": "Codemotion", "year": 2012}, "model": "cv.conferences", "pk": 2}, {"fields": {"place": "Zarag\u00f3za", "name": "PyCON ES", "year": 2014}, "model": "cv.conferences", "pk": 3}, {"fields": {"place": "Vitoria", "name": "Desarrollo Web Agil (Django)", "year": 2010}, "model": "cv.conferences", "pk": 4}, {"fields": {"first_presentation": "<h1>HOLA,<br> me llamo <span>IKER</span></h1>\r\n", "conferences": [1, 2, 3, 4], "language": [1, 2, 3], "experience": [1, 2, 3], "contact": [1, 2, 3, 4, 5], "about_me": "Soy una persona inquieta. Mi vida es un constante aprendizaje.", "publish": true, "hobbies": [1, 2, 3, 4, 5, 6, 7, 8, 9, 10, 11], "skill": [1, 2, 3, 4, 5, 6, 7, 8, 9, 10, 11, 12, 13], "education": [1, 2, 3, 4]}, "model": "cv.cv", "pk": 1}, {"fields": {"color": "", "background": "static/upload/images/favicon.png", "title": "favicon io"}, "model": "ikerocio.webimages", "pk": 1}, {"fields": {"color": "", "background": "static/upload/images/1.png", "title": "Road Background"}, "model": "ikerocio.webimages", "pk": 2}, {"fields": {"color": "#BE3B3B", "background": "", "title": "Rojo"}, "model": "ikerocio.webimages", "pk": 7}, {"fields": {"color": "#00bfff", "background": "", "title": "azul"}, "model": "ikerocio.webimages", "pk": 8}, {"fields": {"color": "#FFFFFF", "background": "", "title": "Blanco"}, "model": "ikerocio.webimages", "pk": 9}, {"fields": {"color": "", "background": "static/upload/images/secondbg.png", "title": "Rally Background"}, "model": "ikerocio.webimages", "pk": 11}, {"fields": {"color": "#2F2F2F", "background": "", "title": "Grey"}, "model": "ikerocio.webimages", "pk": 12}, {"fields": {"icon": "fa-male"}, "model": "ikerocio.icon", "pk": 1}, {"fields": {"icon": "fa-twitter"}, "model": "ikerocio.icon", "pk": 2}, {"fields": {"icon": "fa-facebook"}, "model": "ikerocio.icon", "pk": 3}, {"fields": {"icon": "fa-github"}, "model": "ikerocio.icon", "pk": 4}, {"fields": {"icon": "fa-envelope"}, "model": "ikerocio.icon", "pk": 5}, {"fields": {"icon": "fa-phone"}, "model": "ikerocio.icon", "pk": 6}, {"fields": {"created": "2014-10-16T22:00:00Z", "welcome_icon": 1, "publish": true, "favicon": 1, "web_title": "Iker Ocio - Web Developer", "welcome_title": "iker ocio"}, "model": "ikerocio.configuration", "pk": 1}, {"fields": {"body": "SOFTWARE DEVELOPER. PASSIONATE ABOUT NEW TECHNOLOGIES.", "undertitle": "Desarrollador de Software.", "publish": true, "background": 2, "created": "2014-10-16T22:00:00Z"}, "model": "ikerocio.welcomepage", "pk": 1}, {"fields": {"body": "<h2>Sobre Mi</h2>\r\n\r\n<p>Estudiante de Ingenier\u00eda Inform\u00e1tica. En busca de mi yo. Si me adelantas y me encuentras antes que yo mismo, no dudes en cont\u00e1rmelo.</p>\r\n<p>Amante de las nuevas tecnolog\u00edas, amigos, f\u00edsica, misterio y deporte. Si quieres saber mas sobre mi, accede a mi CV.</p>\r\n<p>Enseno y aprendo de mi entorno.</p>", "publish": true, "background": 7, "created": "2014-10-17T16:12:40.341Z"}, "model": "ikerocio.firstsection", "pk": 1}, {"fields": {"body": "<h2>CV</h2>\r\n<p>Si estas buscando informaci\u00f3n acerca de mi, \u00e9ste es el lugar adecuado.</p>", "publish": true, "background": 8, "created": "2014-10-17T18:32:30.644Z"}, "model": "ikerocio.secondsection", "pk": 1}, {"fields": {"body": "<h2>Blog</h2>\r\n<p>En ocasiones, tambien escribo cosas</p>", "publish": true, "background": 9, "created": "2014-10-18T11:15:20.998Z"}, "model": "ikerocio.thirdsection", "pk": 1}, {"fields": {"body": "<h2>Fotografia</h2>\r\n<p>Me encanta de vez en cuando salir con mi camara y disparar unas cuantas fotos.</p>\r\n<p>(Estamos trabajando en ello)</p>", "publish": true, "background": 11, "created": "2014-10-18T11:23:16.931Z"}, "model": "ikerocio.fourthsection", "pk": 1}, {"fields": {"body": "<h2>Contacto:</h2>\r\n<p>Contactame para cualquier consulta al respecto. Ya sea oferta de empleo, duda o sugerencia, te respondere lo antes posible. O simplemente para saludar.</p>\r\n<p>ikerocio@yahoo.es</p>", "publish": true, "background": 12, "created": "2014-10-18T11:24:56.961Z"}, "model": "ikerocio.fifthsection", "pk": 1}, {"fields": {"consumer_secret": "K6PWah2diUosnsy2mJ5laJxyZgwzEFGwOv1gYdJFEBSGBGcRLn", "access_token": "218792524-o6eKMFaq1LczhEi13kz70Wr1Zy1zbceVywvuHPeS", "default_word": "He publicado ", "consumer_key": "kGVpWXAZ5YBSG0LpI9RZ7T554", "access_token_secret": "RCOjLTXSgqHcgy4AssqkxuFA0meEFJz6LoCitklO93MeN"}, "model": "webapi.twitterapi", "pk": 1}, {"fields": {"codename": "add_logentry", "name": "Can add log entry", "content_type": 1}, "model": "auth.permission", "pk": 1}, {"fields": {"codename": "change_logentry", "name": "Can change log entry", "content_type": 1}, "model": "auth.permission", "pk": 2}, {"fields": {"codename": "delete_logentry", "name": "Can delete log entry", "content_type": 1}, "model": "auth.permission", "pk": 3}, {"fields": {"codename": "add_permission", "name": "Can add permission", "content_type": 2}, "model": "auth.permission", "pk": 4}, {"fields": {"codename": "change_permission", "name": "Can change permission", "content_type": 2}, "model": "auth.permission", "pk": 5}, {"fields": {"codename": "delete_permission", "name": "Can delete permission", "content_type": 2}, "model": "auth.permission", "pk": 6}, {"fields": {"codename": "add_group", "name": "Can add group", "content_type": 3}, "model": "auth.permission", "pk": 7}, {"fields": {"codename": "change_group", "name": "Can change group", "content_type": 3}, "model": "auth.permission", "pk": 8}, {"fields": {"codename": "delete_group", "name": "Can delete group", "content_type": 3}, "model": "auth.permission", "pk": 9}, {"fields": {"codename": "add_user", "name": "Can add user", "content_type": 4}, "model": "auth.permission", "pk": 10}, {"fields": {"codename": "change_user", "name": "Can change user", "content_type": 4}, "model": "auth.permission", "pk": 11}, {"fields": {"codename": "delete_user", "name": "Can delete user", "content_type": 4}, "model": "auth.permission", "pk": 12}, {"fields": {"codename": "add_contenttype", "name": "Can add content type", "content_type": 5}, "model": "auth.permission", "pk": 13}, {"fields": {"codename": "change_contenttype", "name": "Can change content type", "content_type": 5}, "model": "auth.permission", "pk": 14}, {"fields": {"codename": "delete_contenttype", "name": "Can delete content type", "content_type": 5}, "model": "auth.permission", "pk": 15}, {"fields": {"codename": "add_session", "name": "Can add session", "content_type": 6}, "model": "auth.permission", "pk": 16}, {"fields": {"codename": "change_session", "name": "Can change session", "content_type": 6}, "model": "auth.permission", "pk": 17}, {"fields": {"codename": "delete_session", "name": "Can delete session", "content_type": 6}, "model": "auth.permission", "pk": 18}, {"fields": {"codename": "add_tag", "name": "Can add tag", "content_type": 7}, "model": "auth.permission", "pk": 19}, {"fields": {"codename": "change_tag", "name": "Can change tag", "content_type": 7}, "model": "auth.permission", "pk": 20}, {"fields": {"codename": "delete_tag", "name": "Can delete tag", "content_type": 7}, "model": "auth.permission", "pk": 21}, {"fields": {"codename": "add_post", "name": "Can add Blog Entry", "content_type": 8}, "model": "auth.permission", "pk": 22}, {"fields": {"codename": "change_post", "name": "Can change Blog Entry", "content_type": 8}, "model": "auth.permission", "pk": 23}, {"fields": {"codename": "delete_post", "name": "Can delete Blog Entry", "content_type": 8}, "model": "auth.permission", "pk": 24}, {"fields": {"codename": "add_blogconfiguration", "name": "Can add blog configuration", "content_type": 9}, "model": "auth.permission", "pk": 25}, {"fields": {"codename": "change_blogconfiguration", "name": "Can change blog configuration", "content_type": 9}, "model": "auth.permission", "pk": 26}, {"fields": {"codename": "delete_blogconfiguration", "name": "Can delete blog configuration", "content_type": 9}, "model": "auth.permission", "pk": 27}, {"fields": {"codename": "add_experiencemilestone", "name": "Can add experience milestone", "content_type": 10}, "model": "auth.permission", "pk": 28}, {"fields": {"codename": "change_experiencemilestone", "name": "Can change experience milestone", "content_type": 10}, "model": "auth.permission", "pk": 29}, {"fields": {"codename": "delete_experiencemilestone", "name": "Can delete experience milestone", "content_type": 10}, "model": "auth.permission", "pk": 30}, {"fields": {"codename": "add_educationmilestone", "name": "Can add education milestone", "content_type": 11}, "model": "auth.permission", "pk": 31}, {"fields": {"codename": "change_educationmilestone", "name": "Can change education milestone", "content_type": 11}, "model": "auth.permission", "pk": 32}, {"fields": {"codename": "delete_educationmilestone", "name": "Can delete education milestone", "content_type": 11}, "model": "auth.permission", "pk": 33}, {"fields": {"codename": "add_fonticon", "name": "Can add font icon", "content_type": 12}, "model": "auth.permission", "pk": 34}, {"fields": {"codename": "change_fonticon", "name": "Can change font icon", "content_type": 12}, "model": "auth.permission", "pk": 35}, {"fields": {"codename": "delete_fonticon", "name": "Can delete font icon", "content_type": 12}, "model": "auth.permission", "pk": 36}, {"fields": {"codename": "add_contact", "name": "Can add contact", "content_type": 13}, "model": "auth.permission", "pk": 37}, {"fields": {"codename": "change_contact", "name": "Can change contact", "content_type": 13}, "model": "auth.permission", "pk": 38}, {"fields": {"codename": "delete_contact", "name": "Can delete contact", "content_type": 13}, "model": "auth.permission", "pk": 39}, {"fields": {"codename": "add_skill", "name": "Can add skill", "content_type": 14}, "model": "auth.permission", "pk": 40}, {"fields": {"codename": "change_skill", "name": "Can change skill", "content_type": 14}, "model": "auth.permission", "pk": 41}, {"fields": {"codename": "delete_skill", "name": "Can delete skill", "content_type": 14}, "model": "auth.permission", "pk": 42}, {"fields": {"codename": "add_language", "name": "Can add language", "content_type": 15}, "model": "auth.permission", "pk": 43}, {"fields": {"codename": "change_language", "name": "Can change language", "content_type": 15}, "model": "auth.permission", "pk": 44}, {"fields": {"codename": "delete_language", "name": "Can delete language", "content_type": 15}, "model": "auth.permission", "pk": 45}, {"fields": {"codename": "add_hobbies", "name": "Can add hobbies", "content_type": 16}, "model": "auth.permission", "pk": 46}, {"fields": {"codename": "change_hobbies", "name": "Can change hobbies", "content_type": 16}, "model": "auth.permission", "pk": 47}, {"fields": {"codename": "delete_hobbies", "name": "Can delete hobbies", "content_type": 16}, "model": "auth.permission", "pk": 48}, {"fields": {"codename": "add_conferences", "name": "Can add conferences", "content_type": 17}, "model": "auth.permission", "pk": 49}, {"fields": {"codename": "change_conferences", "name": "Can change conferences", "content_type": 17}, "model": "auth.permission", "pk": 50}, {"fields": {"codename": "delete_conferences", "name": "Can delete conferences", "content_type": 17}, "model": "auth.permission", "pk": 51}, {"fields": {"codename": "add_cv", "name": "Can add cv", "content_type": 18}, "model": "auth.permission", "pk": 52}, {"fields": {"codename": "change_cv", "name": "Can change cv", "content_type": 18}, "model": "auth.permission", "pk": 53}, {"fields": {"codename": "delete_cv", "name": "Can delete cv", "content_type": 18}, "model": "auth.permission", "pk": 54}, {"fields": {"codename": "add_webimages", "name": "Can add web images", "content_type": 19}, "model": "auth.permission", "pk": 55}, {"fields": {"codename": "change_webimages", "name": "Can change web images", "content_type": 19}, "model": "auth.permission", "pk": 56}, {"fields": {"codename": "delete_webimages", "name": "Can delete web images", "content_type": 19}, "model": "auth.permission", "pk": 57}, {"fields": {"codename": "add_icon", "name": "Can add icon", "content_type": 20}, "model": "auth.permission", "pk": 58}, {"fields": {"codename": "change_icon", "name": "Can change icon", "content_type": 20}, "model": "auth.permission", "pk": 59}, {"fields": {"codename": "delete_icon", "name": "Can delete icon", "content_type": 20}, "model": "auth.permission", "pk": 60}, {"fields": {"codename": "add_configuration", "name": "Can add configuration", "content_type": 21}, "model": "auth.permission", "pk": 61}, {"fields": {"codename": "change_configuration", "name": "Can change configuration", "content_type": 21}, "model": "auth.permission", "pk": 62}, {"fields": {"codename": "delete_configuration", "name": "Can delete configuration", "content_type": 21}, "model": "auth.permission", "pk": 63}, {"fields": {"codename": "add_welcomepage", "name": "Can add 1 Welcome Page", "content_type": 22}, "model": "auth.permission", "pk": 64}, {"fields": {"codename": "change_welcomepage", "name": "Can change 1 Welcome Page", "content_type": 22}, "model": "auth.permission", "pk": 65}, {"fields": {"codename": "delete_welcomepage", "name": "Can delete 1 Welcome Page", "content_type": 22}, "model": "auth.permission", "pk": 66}, {"fields": {"codename": "add_firstsection", "name": "Can add 2 About Me", "content_type": 23}, "model": "auth.permission", "pk": 67}, {"fields": {"codename": "change_firstsection", "name": "Can change 2 About Me", "content_type": 23}, "model": "auth.permission", "pk": 68}, {"fields": {"codename": "delete_firstsection", "name": "Can delete 2 About Me", "content_type": 23}, "model": "auth.permission", "pk": 69}, {"fields": {"codename": "add_secondsection", "name": "Can add 3 CV", "content_type": 24}, "model": "auth.permission", "pk": 70}, {"fields": {"codename": "change_secondsection", "name": "Can change 3 CV", "content_type": 24}, "model": "auth.permission", "pk": 71}, {"fields": {"codename": "delete_secondsection", "name": "Can delete 3 CV", "content_type": 24}, "model": "auth.permission", "pk": 72}, {"fields": {"codename": "add_thirdsection", "name": "Can add 4 Blog", "content_type": 25}, "model": "auth.permission", "pk": 73}, {"fields": {"codename": "change_thirdsection", "name": "Can change 4 Blog", "content_type": 25}, "model": "auth.permission", "pk": 74}, {"fields": {"codename": "delete_thirdsection", "name": "Can delete 4 Blog", "content_type": 25}, "model": "auth.permission", "pk": 75}, {"fields": {"codename": "add_fourthsection", "name": "Can add 5 Pictures", "content_type": 26}, "model": "auth.permission", "pk": 76}, {"fields": {"codename": "change_fourthsection", "name": "Can change 5 Pictures", "content_type": 26}, "model": "auth.permission", "pk": 77}, {"fields": {"codename": "delete_fourthsection", "name": "Can delete 5 Pictures", "content_type": 26}, "model": "auth.permission", "pk": 78}, {"fields": {"codename": "add_fifthsection", "name": "Can add 6 Contact me", "content_type": 27}, "model": "auth.permission", "pk": 79}, {"fields": {"codename": "change_fifthsection", "name": "Can change 6 Contact me", "content_type": 27}, "model": "auth.permission", "pk": 80}, {"fields": {"codename": "delete_fifthsection", "name": "Can delete 6 Contact me", "content_type": 27}, "model": "auth.permission", "pk": 81}, {"fields": {"codename": "add_contactmessage", "name": "Can add contact message", "content_type": 28}, "model": "auth.permission", "pk": 82}, {"fields": {"codename": "change_contactmessage", "name": "Can change contact message", "content_type": 28}, "model": "auth.permission", "pk": 83}, {"fields": {"codename": "delete_contactmessage", "name": "Can delete contact message", "content_type": 28}, "model": "auth.permission", "pk": 84}, {"fields": {"codename": "add_twitterapi", "name": "Can add twitter api", "content_type": 29}, "model": "auth.permission", "pk": 85}, {"fields": {"codename": "change_twitterapi", "name": "Can change twitter api", "content_type": 29}, "model": "auth.permission", "pk": 86}, {"fields": {"codename": "delete_twitterapi", "name": "Can delete twitter api", "content_type": 29}, "model": "auth.permission", "pk": 87}, {"fields": {"username": "admin", "first_name": "", "last_name": "", "is_active": true, "is_superuser": true, "is_staff": true, "last_login": "2014-10-19T15:23:25.422Z", "groups": [], "user_permissions": [], "password": "pbkdf2_sha256$12000$YwH7lGKeqQ98$HUL3m1iniLd5FJjq/CCJcRzqywzITdAI7TFhXgysI2U=", "email": "admin@admin.es", "date_joined": "2014-10-19T15:23:03.243Z"}, "model": "auth.user", "pk": 1}, {"fields": {"body": "\r\nEsta semana el gobierno espa\u00f1ol ha decidido traer a Miguel Pajares, un cura que estaba ayudando en \u00c1frica, contiagiado de \u00e9bola para ver si pod\u00edan sacarlo del agujero. El espect\u00e1culo ha sido lamentable pero esta vez no hablo del gobierno, he le\u00eddo desde gente quej\u00e1ndose por el dinero hasta gente con miedo por si provocaba una epidemia de proporciones b\u00edblicas.\r\n\r\nHace unos a\u00f1os, estando yo en cuarto de carrera, en una clase de econom\u00eda, el profesor enunci\u00f3 un problema tal que as\u00ed:\r\n\r\nCual es coste m\u00e1ximo admisible para la instalaci\u00f3n de un sem\u00e1foro en un cruce donde mor\u00eda 1 persona al a\u00f1o.\r\n\r\nTuve la mala suerte de que me tocase a mi resolverlo en la pizarra y mi respuesta b\u00e1sicamente fue poco econ\u00f3mica: \u201cse pone s\u00ed o s\u00ed\u201d. L\u00f3gicamente esa no era una respuesta v\u00e1lida en una clase de econonom\u00eda, as\u00ed que me pas\u00e9 unos minutos en la pizarra tratando de hacer cuentas que no me llevaban a ninguna parte.", "author": [1], "created": "2014-10-17T18:20:23.812Z", "title": "El precio de una vida", "modified": "2014-10-18T12:20:31.086Z", "publish": true, "slug": "sdadsa", "tags": [1]}, "model": "blog.post", "pk": 1}, {"fields": {"body": "sadsad", "author": [1], "created": "2014-10-19T17:22:39.650Z", "title": "Asdsadsad", "modified": "2014-10-19T17:22:39.650Z", "publish": true, "slug": "asdsadsad", "tags": [1]}, "model": "blog.post", "pk": 5}, {"fields": {"action_flag": 1, "action_time": "2014-10-19T15:25:35.078Z", "object_repr": "FontIcon object", "object_id": "1", "change_message": "", "user": 1, "content_type": 12}, "model": "admin.logentry", "pk": 1}, {"fields": {"action_flag": 2, "action_time": "2014-10-19T15:27:47.778Z", "object_repr": "Picture", "object_id": "1", "change_message": "Modificado/a name.", "user": 1, "content_type": 12}, "model": "admin.logentry", "pk": 2}, {"fields": {"action_flag": 1, "action_time": "2014-10-19T15:30:47.623Z", "object_repr": "Hobbies object", "object_id": "1", "change_message": "", "user": 1, "content_type": 16}, "model": "admin.logentry", "pk": 3}, {"fields": {"action_flag": 1, "action_time": "2014-10-19T15:31:07.836Z", "object_repr": "People", "object_id": "2", "change_message": "", "user": 1, "content_type": 12}, "model": "admin.logentry", "pk": 4}, {"fields": {"action_flag": 1, "action_time": "2014-10-19T15:31:26.311Z", "object_repr": "Command line", "object_id": "3", "change_message": "", "user": 1, "content_type": 12}, "model": "admin.logentry", "pk": 5}, {"fields": {"action_flag": 1, "action_time": "2014-10-19T15:31:32.350Z", "object_repr": "Hobbies object", "object_id": "2", "change_message": "", "user": 1, "content_type": 16}, "model": "admin.logentry", "pk": 6}, {"fields": {"action_flag": 2, "action_time": "2014-10-19T15:31:40.627Z", "object_repr": "Hobbies object", "object_id": "2", "change_message": "Modificado/a hobbie y font_icon.", "user": 1, "content_type": 16}, "model": "admin.logentry", "pk": 7}, {"fields": {"action_flag": 2, "action_time": "2014-10-19T15:31:51.251Z", "object_repr": "Hobbies object", "object_id": "2", "change_message": "Modificado/a hobbie y font_icon.", "user": 1, "content_type": 16}, "model": "admin.logentry", "pk": 8}, {"fields": {"action_flag": 1, "action_time": "2014-10-19T15:31:56.142Z", "object_repr": "Hobbies object", "object_id": "3", "change_message": "", "user": 1, "content_type": 16}, "model": "admin.logentry", "pk": 9}, {"fields": {"action_flag": 1, "action_time": "2014-10-19T15:32:25.383Z", "object_repr": "Music Headphones", "object_id": "4", "change_message": "", "user": 1, "content_type": 12}, "model": "admin.logentry", "pk": 10}, {"fields": {"action_flag": 1, "action_time": "2014-10-19T15:32:27.495Z", "object_repr": "Hobbies object", "object_id": "4", "change_message": "", "user": 1, "content_type": 16}, "model": "admin.logentry", "pk": 11}, {"fields": {"action_flag": 1, "action_time": "2014-10-19T15:32:55.025Z", "object_repr": "Movie record", "object_id": "5", "change_message": "", "user": 1, "content_type": 12}, "model": "admin.logentry", "pk": 12}, {"fields": {"action_flag": 1, "action_time": "2014-10-19T15:33:22.503Z", "object_repr": "Rocket", "object_id": "6", "change_message": "", "user": 1, "content_type": 12}, "model": "admin.logentry", "pk": 13}, {"fields": {"action_flag": 1, "action_time": "2014-10-19T15:33:24.774Z", "object_repr": "Hobbies object", "object_id": "5", "change_message": "", "user": 1, "content_type": 16}, "model": "admin.logentry", "pk": 14}, {"fields": {"action_flag": 1, "action_time": "2014-10-19T15:33:47.656Z", "object_repr": "Okey sign", "object_id": "7", "change_message": "", "user": 1, "content_type": 12}, "model": "admin.logentry", "pk": 15}, {"fields": {"action_flag": 1, "action_time": "2014-10-19T15:33:48.540Z", "object_repr": "Hobbies object", "object_id": "6", "change_message": "", "user": 1, "content_type": 16}, "model": "admin.logentry", "pk": 16}, {"fields": {"action_flag": 1, "action_time": "2014-10-19T15:34:09.716Z", "object_repr": "Tux Linux", "object_id": "8", "change_message": "", "user": 1, "content_type": 12}, "model": "admin.logentry", "pk": 17}, {"fields": {"action_flag": 1, "action_time": "2014-10-19T15:34:23.344Z", "object_repr": "Hobbies object", "object_id": "7", "change_message": "", "user": 1, "content_type": 16}, "model": "admin.logentry", "pk": 18}, {"fields": {"action_flag": 1, "action_time": "2014-10-19T15:34:39.915Z", "object_repr": "Videogame pad", "object_id": "9", "change_message": "", "user": 1, "content_type": 12}, "model": "admin.logentry", "pk": 19}, {"fields": {"action_flag": 1, "action_time": "2014-10-19T15:34:50.700Z", "object_repr": "Hobbies object", "object_id": "8", "change_message": "", "user": 1, "content_type": 16}, "model": "admin.logentry", "pk": 20}, {"fields": {"action_flag": 1, "action_time": "2014-10-19T15:34:59.990Z", "object_repr": "Road", "object_id": "10", "change_message": "", "user": 1, "content_type": 12}, "model": "admin.logentry", "pk": 21}, {"fields": {"action_flag": 1, "action_time": "2014-10-19T15:35:08.275Z", "object_repr": "Hobbies object", "object_id": "9", "change_message": "", "user": 1, "content_type": 16}, "model": "admin.logentry", "pk": 22}, {"fields": {"action_flag": 1, "action_time": "2014-10-19T15:35:17.931Z", "object_repr": "Apple Comp", "object_id": "11", "change_message": "", "user": 1, "content_type": 12}, "model": "admin.logentry", "pk": 23}, {"fields": {"action_flag": 1, "action_time": "2014-10-19T15:35:22.724Z", "object_repr": "Hobbies object", "object_id": "10", "change_message": "", "user": 1, "content_type": 16}, "model": "admin.logentry", "pk": 24}, {"fields": {"action_flag": 1, "action_time": "2014-10-19T15:35:49.777Z", "object_repr": "HTML5", "object_id": "12", "change_message": "", "user": 1, "content_type": 12}, "model": "admin.logentry", "pk": 25}, {"fields": {"action_flag": 1, "action_time": "2014-10-19T15:35:52.605Z", "object_repr": "Hobbies object", "object_id": "11", "change_message": "", "user": 1, "content_type": 16}, "model": "admin.logentry", "pk": 26}, {"fields": {"action_flag": 1, "action_time": "2014-10-19T15:36:44.585Z", "object_repr": "Ingls", "object_id": "1", "change_message": "", "user": 1, "content_type": 15}, "model": "admin.logentry", "pk": 27}, {"fields": {"action_flag": 1, "action_time": "2014-10-19T15:36:49.650Z", "object_repr": "Espaol", "object_id": "2", "change_message": "", "user": 1, "content_type": 15}, "model": "admin.logentry", "pk": 28}, {"fields": {"action_flag": 1, "action_time": "2014-10-19T15:36:54.944Z", "object_repr": "Euskera", "object_id": "3", "change_message": "", "user": 1, "content_type": 15}, "model": "admin.logentry", "pk": 29}, {"fields": {"action_flag": 1, "action_time": "2014-10-19T15:37:08.151Z", "object_repr": "Python", "object_id": "1", "change_message": "", "user": 1, "content_type": 14}, "model": "admin.logentry", "pk": 30}, {"fields": {"action_flag": 1, "action_time": "2014-10-19T15:37:13.255Z", "object_repr": "Django (Python Framework)", "object_id": "2", "change_message": "", "user": 1, "content_type": 14}, "model": "admin.logentry", "pk": 31}, {"fields": {"action_flag": 1, "action_time": "2014-10-19T15:37:18.306Z", "object_repr": "Web Scrapping", "object_id": "3", "change_message": "", "user": 1, "content_type": 14}, "model": "admin.logentry", "pk": 32}, {"fields": {"action_flag": 1, "action_time": "2014-10-19T15:37:28.478Z", "object_repr": "Unix", "object_id": "4", "change_message": "", "user": 1, "content_type": 14}, "model": "admin.logentry", "pk": 33}, {"fields": {"action_flag": 1, "action_time": "2014-10-19T15:37:35.198Z", "object_repr": "SysAdmin", "object_id": "5", "change_message": "", "user": 1, "content_type": 14}, "model": "admin.logentry", "pk": 34}, {"fields": {"action_flag": 1, "action_time": "2014-10-19T15:37:41.892Z", "object_repr": "MySQL", "object_id": "6", "change_message": "", "user": 1, "content_type": 14}, "model": "admin.logentry", "pk": 35}, {"fields": {"action_flag": 1, "action_time": "2014-10-19T15:37:46.516Z", "object_repr": "Android", "object_id": "7", "change_message": "", "user": 1, "content_type": 14}, "model": "admin.logentry", "pk": 36}, {"fields": {"action_flag": 1, "action_time": "2014-10-19T15:38:00.302Z", "object_repr": "HTML/5", "object_id": "8", "change_message": "", "user": 1, "content_type": 14}, "model": "admin.logentry", "pk": 37}, {"fields": {"action_flag": 1, "action_time": "2014-10-19T15:38:06.052Z", "object_repr": "CSS/3", "object_id": "9", "change_message": "", "user": 1, "content_type": 14}, "model": "admin.logentry", "pk": 38}, {"fields": {"action_flag": 1, "action_time": "2014-10-19T15:38:11.996Z", "object_repr": "jQuery", "object_id": "10", "change_message": "", "user": 1, "content_type": 14}, "model": "admin.logentry", "pk": 39}, {"fields": {"action_flag": 1, "action_time": "2014-10-19T15:38:17.717Z", "object_repr": "PHP", "object_id": "11", "change_message": "", "user": 1, "content_type": 14}, "model": "admin.logentry", "pk": 40}, {"fields": {"action_flag": 1, "action_time": "2014-10-19T15:38:23.306Z", "object_repr": "Javascript", "object_id": "12", "change_message": "", "user": 1, "content_type": 14}, "model": "admin.logentry", "pk": 41}, {"fields": {"action_flag": 1, "action_time": "2014-10-19T15:38:28.910Z", "object_repr": "Java", "object_id": "13", "change_message": "", "user": 1, "content_type": 14}, "model": "admin.logentry", "pk": 42}, {"fields": {"action_flag": 1, "action_time": "2014-10-19T15:39:15.115Z", "object_repr": "DHL - Aeropuerto", "object_id": "1", "change_message": "", "user": 1, "content_type": 10}, "model": "admin.logentry", "pk": 43}, {"fields": {"action_flag": 1, "action_time": "2014-10-19T15:39:33.295Z", "object_repr": "Video Club", "object_id": "2", "change_message": "", "user": 1, "content_type": 10}, "model": "admin.logentry", "pk": 44}, {"fields": {"action_flag": 1, "action_time": "2014-10-19T15:39:48.442Z", "object_repr": "Media Markt", "object_id": "3", "change_message": "", "user": 1, "content_type": 10}, "model": "admin.logentry", "pk": 45}, {"fields": {"action_flag": 1, "action_time": "2014-10-19T15:40:16.519Z", "object_repr": "Grado en Ingeniera Informtica", "object_id": "1", "change_message": "", "user": 1, "content_type": 11}, "model": "admin.logentry", "pk": 46}, {"fields": {"action_flag": 1, "action_time": "2014-10-19T15:40:29.004Z", "object_repr": "Bachillerato", "object_id": "2", "change_message": "", "user": 1, "content_type": 11}, "model": "admin.logentry", "pk": 47}, {"fields": {"action_flag": 1, "action_time": "2014-10-19T15:40:44.283Z", "object_repr": "Educacin Secundaria", "object_id": "3", "change_message": "", "user": 1, "content_type": 11}, "model": "admin.logentry", "pk": 48}, {"fields": {"action_flag": 1, "action_time": "2014-10-19T15:40:59.322Z", "object_repr": "Nac en Vitoria - Gasteiz", "object_id": "4", "change_message": "", "user": 1, "content_type": 11}, "model": "admin.logentry", "pk": 49}, {"fields": {"action_flag": 1, "action_time": "2014-10-19T15:41:24.959Z", "object_repr": "fa-twitter", "object_id": "2", "change_message": "", "user": 1, "content_type": 20}, "model": "admin.logentry", "pk": 50}, {"fields": {"action_flag": 1, "action_time": "2014-10-19T15:41:34.157Z", "object_repr": "Twitter", "object_id": "1", "change_message": "", "user": 1, "content_type": 13}, "model": "admin.logentry", "pk": 51}, {"fields": {"action_flag": 1, "action_time": "2014-10-19T15:41:37.446Z", "object_repr": "fa-facebook", "object_id": "3", "change_message": "", "user": 1, "content_type": 20}, "model": "admin.logentry", "pk": 52}, {"fields": {"action_flag": 1, "action_time": "2014-10-19T15:41:44.621Z", "object_repr": "Facebook", "object_id": "2", "change_message": "", "user": 1, "content_type": 13}, "model": "admin.logentry", "pk": 53}, {"fields": {"action_flag": 1, "action_time": "2014-10-19T15:41:50.406Z", "object_repr": "fa-github", "object_id": "4", "change_message": "", "user": 1, "content_type": 20}, "model": "admin.logentry", "pk": 54}, {"fields": {"action_flag": 1, "action_time": "2014-10-19T15:42:00.598Z", "object_repr": "Github", "object_id": "3", "change_message": "", "user": 1, "content_type": 13}, "model": "admin.logentry", "pk": 55}, {"fields": {"action_flag": 1, "action_time": "2014-10-19T15:42:06.457Z", "object_repr": "fa-envelope", "object_id": "5", "change_message": "", "user": 1, "content_type": 20}, "model": "admin.logentry", "pk": 56}, {"fields": {"action_flag": 1, "action_time": "2014-10-19T15:42:13.770Z", "object_repr": "ikerocio@yahoo.es", "object_id": "4", "change_message": "", "user": 1, "content_type": 13}, "model": "admin.logentry", "pk": 57}, {"fields": {"action_flag": 1, "action_time": "2014-10-19T15:42:17.932Z", "object_repr": "fa-phone", "object_id": "6", "change_message": "", "user": 1, "content_type": 20}, "model": "admin.logentry", "pk": 58}, {"fields": {"action_flag": 1, "action_time": "2014-10-19T15:42:27.105Z", "object_repr": "628995219", "object_id": "5", "change_message": "", "user": 1, "content_type": 13}, "model": "admin.logentry", "pk": 59}, {"fields": {"action_flag": 1, "action_time": "2014-10-19T15:44:11.942Z", "object_repr": "Conferences object", "object_id": "1", "change_message": "", "user": 1, "content_type": 17}, "model": "admin.logentry", "pk": 60}, {"fields": {"action_flag": 1, "action_time": "2014-10-19T15:44:43.274Z", "object_repr": "<h1>HOLA,<br> mi nombre es <span>IKER</span><sup>22aos</sup> y este es mi resumen/CV</h1>\r\n", "object_id": "1", "change_message": "", "user": 1, "content_type": 18}, "model": "admin.logentry", "pk": 61}, {"fields": {"action_flag": 2, "action_time": "2014-10-19T15:44:49.112Z", "object_repr": "<h1>HOLA,<br> mi nombre es <span>IKER</span><sup>22aos</sup> y este es mi resumen/CV</h1>\r\n", "object_id": "1", "change_message": "No ha cambiado ning\u00fan campo.", "user": 1, "content_type": 18}, "model": "admin.logentry", "pk": 62}, {"fields": {"action_flag": 2, "action_time": "2014-10-19T15:45:19.728Z", "object_repr": "<h1>HOLA,<br> mi nombre es <span>IKER</span><sup>22aos</sup> y este es mi resumen/CV</h1>\r\n", "object_id": "1", "change_message": "Modificado/a hobbies.", "user": 1, "content_type": 18}, "model": "admin.logentry", "pk": 63}, {"fields": {"action_flag": 2, "action_time": "2014-10-19T16:03:57.416Z", "object_repr": "Msica", "object_id": "4", "change_message": "No ha cambiado ning\u00fan campo.", "user": 1, "content_type": 16}, "model": "admin.logentry", "pk": 64}, {"fields": {"action_flag": 2, "action_time": "2014-10-19T16:06:41.912Z", "object_repr": "<h1>HOLA,<br> me llamo <span>IKER</span><sup>ocio</sup> y este es mi resumen/CV</h1>\r\n", "object_id": "1", "change_message": "Modificado/a first_presentation.", "user": 1, "content_type": 18}, "model": "admin.logentry", "pk": 65}, {"fields": {"action_flag": 2, "action_time": "2014-10-19T16:06:54.638Z", "object_repr": "<h1>HOLA,<br> me llamo <span>IKER</span><sup>ocio</sup></h1>\r\n", "object_id": "1", "change_message": "Modificado/a first_presentation.", "user": 1, "content_type": 18}, "model": "admin.logentry", "pk": 66}, {"fields": {"action_flag": 2, "action_time": "2014-10-19T16:07:08.550Z", "object_repr": "<h1>HOLA,<br> me llamo <span>IKER</span></h1>\r\n", "object_id": "1", "change_message": "Modificado/a first_presentation.", "user": 1, "content_type": 18}, "model": "admin.logentry", "pk": 67}, {"fields": {"action_flag": 1, "action_time": "2014-10-19T16:11:52.887Z", "object_repr": "Codemotion", "object_id": "2", "change_message": "", "user": 1, "content_type": 17}, "model": "admin.logentry", "pk": 68}, {"fields": {"action_flag": 1, "action_time": "2014-10-19T16:12:23.822Z", "object_repr": "PyCON ES", "object_id": "3", "change_message": "", "user": 1, "content_type": 17}, "model": "admin.logentry", "pk": 69}, {"fields": {"action_flag": 1, "action_time": "2014-10-19T16:12:45.721Z", "object_repr": "Desarrollo Web Agil (Django)", "object_id": "4", "change_message": "", "user": 1, "content_type": 17}, "model": "admin.logentry", "pk": 70}, {"fields": {"action_flag": 2, "action_time": "2014-10-19T16:12:48.661Z", "object_repr": "<h1>HOLA,<br> me llamo <span>IKER</span></h1>\r\n", "object_id": "1", "change_message": "Modificado/a conferences.", "user": 1, "content_type": 18}, "model": "admin.logentry", "pk": 71}, {"fields": {"action_flag": 2, "action_time": "2014-10-19T16:13:07.087Z", "object_repr": "PyCON ES", "object_id": "1", "change_message": "Modificado/a name y place.", "user": 1, "content_type": 17}, "model": "admin.logentry", "pk": 72}, {"fields": {"action_flag": 1, "action_time": "2014-10-19T17:00:13.871Z", "object_repr": "TwitterApi object", "object_id": "1", "change_message": "", "user": 1, "content_type": 29}, "model": "admin.logentry", "pk": 73}, {"fields": {"action_flag": 1, "action_time": "2014-10-19T17:00:27.565Z", "object_repr": "wqwr", "object_id": "3", "change_message": "", "user": 1, "content_type": 8}, "model": "admin.logentry", "pk": 74}, {"fields": {"action_flag": 2, "action_time": "2014-10-19T17:04:31.125Z", "object_repr": "TwitterApi object", "object_id": "1", "change_message": "Modificado/a new_default_word.", "user": 1, "content_type": 29}, "model": "admin.logentry", "pk": 75}, {"fields": {"action_flag": 2, "action_time": "2014-10-19T17:11:42.866Z", "object_repr": "TwitterApi object", "object_id": "1", "change_message": "Modificado/a default_word.", "user": 1, "content_type": 29}, "model": "admin.logentry", "pk": 76}, {"fields": {"action_flag": 1, "action_time": "2014-10-19T17:13:40.409Z", "object_repr": "sadsad", "object_id": "4", "change_message": "", "user": 1, "content_type": 8}, "model": "admin.logentry", "pk": 77}, {"fields": {"action_flag": 2, "action_time": "2014-10-19T17:14:28.204Z", "object_repr": "sadsad", "object_id": "4", "change_message": "No ha cambiado ning\u00fan campo.", "user": 1, "content_type": 8}, "model": "admin.logentry", "pk": 78}, {"fields": {"action_flag": 2, "action_time": "2014-10-19T17:17:24.476Z", "object_repr": "sadsad", "object_id": "4", "change_message": "No ha cambiado ning\u00fan campo.", "user": 1, "content_type": 8}, "model": "admin.logentry", "pk": 79}, {"fields": {"action_flag": 3, "action_time": "2014-10-19T17:18:19.206Z", "object_repr": "sadsad", "object_id": "4", "change_message": "", "user": 1, "content_type": 8}, "model": "admin.logentry", "pk": 80}, {"fields": {"action_flag": 3, "action_time": "2014-10-19T17:18:19.218Z", "object_repr": "wqwr", "object_id": "3", "change_message": "", "user": 1, "content_type": 8}, "model": "admin.logentry", "pk": 81}, {"fields": {"action_flag": 3, "action_time": "2014-10-19T17:18:19.230Z", "object_repr": "asdsadsadsad", "object_id": "2", "change_message": "", "user": 1, "content_type": 8}, "model": "admin.logentry", "pk": 82}, {"fields": {"action_flag": 2, "action_time": "2014-10-19T17:18:36.695Z", "object_repr": "TwitterApi object", "object_id": "1", "change_message": "Modificado/a default_word.", "user": 1, "content_type": 29}, "model": "admin.logentry", "pk": 83}, {"fields": {"action_flag": 2, "action_time": "2014-10-19T17:18:45.073Z", "object_repr": "TwitterApi object", "object_id": "1", "change_message": "No ha cambiado ning\u00fan campo.", "user": 1, "content_type": 29}, "model": "admin.logentry", "pk": 84}, {"fields": {"action_flag": 2, "action_time": "2014-10-19T17:19:22.313Z", "object_repr": "TwitterApi object", "object_id": "1", "change_message": "Modificado/a default_word.", "user": 1, "content_type": 29}, "model": "admin.logentry", "pk": 85}, {"fields": {"action_flag": 1, "action_time": "2014-10-19T17:22:41.416Z", "object_repr": "Asdsadsad", "object_id": "5", "change_message": "", "user": 1, "content_type": 8}, "model": "admin.logentry", "pk": 86}]