[{"fields": {"year": 2012, "description": "Nos encargabamos de cargar/descargar los contenedores que traian los aviones o furgonetas desde distintos puntos del pa\u00eds.", "work_name": "Trabajador Rampa", "title": "DHL - Aeropuerto"}, "model": "cv.experiencemilestone", "pk": 1}, {"fields": {"year": 2011, "description": "Dependiente de un videoclub en Vitor\u00eda - Gasteiz.\r\n", "work_name": "Dependiente", "title": "Video Club"}, "model": "cv.experiencemilestone", "pk": 2}, {"fields": {"year": 2010, "description": "Vendedor en el departamento de inform\u00e1tica de Media Markt Vitoria.", "work_name": "Departamento de Inform\u00e1tica", "title": "Media Markt"}, "model": "cv.experiencemilestone", "pk": 3}, {"fields": {"year": 2010, "description": "Contin\u00fao estudiando en la Universidad del Pa\u00eds Vasco.", "title": "Grado en Ingenier\u00eda Inform\u00e1tica"}, "model": "cv.educationmilestone", "pk": 1}, {"fields": {"year": 2008, "description": "Curs\u00e9 Bachillerato Cient\u00edfico en el Instituto Urkide y me decid\u00ed por donde quer\u00eda guiar mi futuro.", "title": "Bachillerato"}, "model": "cv.educationmilestone", "pk": 2}, {"fields": {"year": 2004, "description": "Estudi\u00e9 en un colegio p\u00fablico durante 4 a\u00f1os. Fue una \u00e9poca importante de mi adolescencia y un momento decisivo para lo que vendr\u00eda a continuaci\u00f3n.\r\n", "title": "Educaci\u00f3n Secundaria"}, "model": "cv.educationmilestone", "pk": 3}, {"fields": {"year": 1992, "description": "Aqu\u00ed empieza mi vida!\r\n", "title": "Nac\u00ed en Vitoria - Gasteiz"}, "model": "cv.educationmilestone", "pk": 4}, {"fields": {"f_icon": "\\f03e", "name": "Picture"}, "model": "cv.fonticon", "pk": 1}, {"fields": {"f_icon": "\\f0c0", "name": "People"}, "model": "cv.fonticon", "pk": 2}, {"fields": {"f_icon": "\\f120", "name": "Command line"}, "model": "cv.fonticon", "pk": 3}, {"fields": {"f_icon": "\\f025", "name": "Music Headphones"}, "model": "cv.fonticon", "pk": 4}, {"fields": {"f_icon": "\\f008", "name": "Movie record"}, "model": "cv.fonticon", "pk": 5}, {"fields": {"f_icon": "\\f135", "name": "Rocket"}, "model": "cv.fonticon", "pk": 6}, {"fields": {"f_icon": "\\f164", "name": "Okey sign"}, "model": "cv.fonticon", "pk": 7}, {"fields": {"f_icon": "\\f17c", "name": "Tux Linux"}, "model": "cv.fonticon", "pk": 8}, {"fields": {"f_icon": "\\f11b", "name": "Videogame pad"}, "model": "cv.fonticon", "pk": 9}, {"fields": {"f_icon": "\\f018", "name": "Road"}, "model": "cv.fonticon", "pk": 10}, {"fields": {"f_icon": "\\f108", "name": "Apple Comp"}, "model": "cv.fonticon", "pk": 11}, {"fields": {"f_icon": "\\f13b", "name": "HTML5"}, "model": "cv.fonticon", "pk": 12}, {"fields": {"contact": "Twitter", "description": "https://twitter.com/iocio", "icon": 2}, "model": "cv.contact", "pk": 1}, {"fields": {"contact": "Facebook", "description": "https://facebook.com/iker.ociozuazo", "icon": 3}, "model": "cv.contact", "pk": 2}, {"fields": {"contact": "Github", "description": "https://github.com/iocio005", "icon": 4}, "model": "cv.contact", "pk": 3}, {"fields": {"contact": "ikerocio@yahoo.es", "description": "", "icon": 5}, "model": "cv.contact", "pk": 4}, {"fields": {"contact": "628995219", "description": "", "icon": 6}, "model": "cv.contact", "pk": 5}, {"fields": {"percent": 0.8, "name": "Python"}, "model": "cv.skill", "pk": 1}, {"fields": {"percent": 0.8, "name": "Django (Python Framework)"}, "model": "cv.skill", "pk": 2}, {"fields": {"percent": 0.9, "name": "Web Scrapping"}, "model": "cv.skill", "pk": 3}, {"fields": {"percent": 0.8, "name": "Unix"}, "model": "cv.skill", "pk": 4}, {"fields": {"percent": 0.8, "name": "SysAdmin"}, "model": "cv.skill", "pk": 5}, {"fields": {"percent": 0.8, "name": "MySQL"}, "model": "cv.skill", "pk": 6}, {"fields": {"percent": 0.6, "name": "Android"}, "model": "cv.skill", "pk": 7}, {"fields": {"percent": 1.0, "name": "HTML/5"}, "model": "cv.skill", "pk": 8}, {"fields": {"percent": 0.7, "name": "CSS/3"}, "model": "cv.skill", "pk": 9}, {"fields": {"percent": 0.7, "name": "jQuery"}, "model": "cv.skill", "pk": 10}, {"fields": {"percent": 0.7, "name": "PHP"}, "model": "cv.skill", "pk": 11}, {"fields": {"percent": 0.7, "name": "Javascript"}, "model": "cv.skill", "pk": 12}, {"fields": {"percent": 0.8, "name": "Java"}, "model": "cv.skill", "pk": 13}, {"fields": {"percent": 0.8, "language": "Ingl\u00e9s"}, "model": "cv.language", "pk": 1}, {"fields": {"percent": 1.0, "language": "Espa\u00f1ol"}, "model": "cv.language", "pk": 2}, {"fields": {"percent": 0.8, "language": "Euskera"}, "model": "cv.language", "pk": 3}, {"fields": {"font_icon": [1], "hobbie": "Fotograf\u00eda"}, "model": "cv.hobbies", "pk": 1}, {"fields": {"font_icon": [2], "hobbie": "Taekwondo"}, "model": "cv.hobbies", "pk": 2}, {"fields": {"font_icon": [3], "hobbie": "Programar"}, "model": "cv.hobbies", "pk": 3}, {"fields": {"font_icon": [4], "hobbie": "M\u00fasica"}, "model": "cv.hobbies", "pk": 4}, {"fields": {"font_icon": [5, 6], "hobbie": "Fisica"}, "model": "cv.hobbies", "pk": 5}, {"fields": {"font_icon": [7], "hobbie": "Snowboard"}, "model": "cv.hobbies", "pk": 6}, {"fields": {"font_icon": [8], "hobbie": "Linux"}, "model": "cv.hobbies", "pk": 7}, {"fields": {"font_icon": [9], "hobbie": "Videojuegos"}, "model": "cv.hobbies", "pk": 8}, {"fields": {"font_icon": [10], "hobbie": "Viajar"}, "model": "cv.hobbies", "pk": 9}, {"fields": {"font_icon": [11], "hobbie": "Django"}, "model": "cv.hobbies", "pk": 10}, {"fields": {"font_icon": [12], "hobbie": "Internet"}, "model": "cv.hobbies", "pk": 11}, {"fields": {"place": "Madrid", "name": "PyCON ES", "year": 2013}, "model": "cv.conferences", "pk": 1}, {"fields": {"place": "Madrid", "name": "Codemotion", "year": 2012}, "model": "cv.conferences", "pk": 2}, {"fields": {"place": "Zarag\u00f3za", "name": "PyCON ES", "year": 2014}, "model": "cv.conferences", "pk": 3}, {"fields": {"place": "Vitoria", "name": "Desarrollo Web Agil (Django)", "year": 2010}, "model": "cv.conferences", "pk": 4}, {"fields": {"first_presentation": "<h1>HOLA,<br> me llamo <span>IKER</span></h1>\r\n", "conferences": [1, 2, 3, 4], "language": [1, 2, 3], "experience": [1, 2, 3], "contact": [1, 2, 3, 4, 5], "about_me": "Soy una persona inquieta. Mi vida es un constante aprendizaje.", "publish": true, "hobbies": [1, 2, 3, 4, 5, 6, 7, 8, 9, 10, 11], "skill": [1, 2, 3, 4, 5, 6, 7, 8, 9, 10, 11, 12, 13], "education": [1, 2, 3, 4]}, "model": "cv.cv", "pk": 1}]